threshold,precision,recall,f1,f2,targeted_customers,targeted_rate,true_positives,false_positives,false_negatives,true_negatives
0.05,0.5236051502145923,1.0,0.6873239436619718,0.8460471567267683,466,0.30657894736842106,244,222,0,1054
0.055,0.541019955654102,1.0,0.702158273381295,0.8549404344779257,451,0.2967105263157895,244,207,0,1069
0.06,0.5483146067415731,1.0,0.7082728592162555,0.8585503166783955,445,0.29276315789473684,244,201,0,1075
0.065,0.5558086560364465,1.0,0.7144948755490483,0.8621908127208481,439,0.2888157894736842,244,195,0,1081
0.07,0.5661252900232019,1.0,0.7229629629629629,0.8670931058990761,431,0.2835526315789474,244,187,0,1089
0.075,0.5754716981132075,1.0,0.7305389221556886,0.8714285714285714,424,0.2789473684210526,244,180,0,1096
0.08,0.5851318944844125,1.0,0.7382753403933434,0.8758076094759512,417,0.2743421052631579,244,173,0,1103
0.085,0.5907990314769975,1.0,0.7427701674277016,0.8783297336213103,413,0.27171052631578946,244,169,0,1107
0.09,0.6004962779156328,0.9918032786885246,0.7480680061823802,0.8774474256707759,403,0.26513157894736844,242,161,2,1115
0.095,0.6019900497512438,0.9918032786885246,0.7492260061919505,0.8780841799709724,402,0.2644736842105263,242,160,2,1116
0.1,0.605,0.9918032786885246,0.7515527950310559,0.8793604651162791,400,0.2631578947368421,242,158,2,1118
0.105,0.605,0.9918032786885246,0.7515527950310559,0.8793604651162791,400,0.2631578947368421,242,158,2,1118
0.11,0.6095717884130982,0.9918032786885246,0.7550702028081123,0.8812818645302258,397,0.2611842105263158,242,155,2,1121
0.115,0.6205128205128205,0.9918032786885246,0.7634069400630915,0.8857979502196194,390,0.2565789473684211,242,148,2,1128
0.12,0.6237113402061856,0.9918032786885246,0.7658227848101266,0.8870967741935484,388,0.25526315789473686,242,146,2,1130
0.125,0.6335078534031413,0.9918032786885246,0.7731629392971247,0.8910162002945509,382,0.2513157894736842,242,140,2,1136
0.13,0.6385224274406333,0.9918032786885246,0.7768860353130016,0.8929889298892989,379,0.2493421052631579,242,137,2,1139
0.135,0.6451612903225806,0.9836065573770492,0.7792207792207793,0.8902077151335311,372,0.24473684210526317,240,132,4,1144
0.14,0.6469002695417789,0.9836065573770492,0.7804878048780488,0.89086859688196,371,0.24407894736842106,240,131,4,1145
0.145,0.6539509536784741,0.9836065573770492,0.7855973813420621,0.8935219657483247,367,0.24144736842105263,240,127,4,1149
0.15,0.6611570247933884,0.9836065573770492,0.7907742998352554,0.8961911874533234,363,0.2388157894736842,240,123,4,1153
0.155,0.6648199445983379,0.9836065573770492,0.7933884297520661,0.8975317875841436,361,0.2375,240,121,4,1155
0.16,0.6751412429378532,0.9795081967213115,0.7993311036789298,0.8984962406015038,354,0.23289473684210527,239,115,5,1161
0.165,0.6770538243626062,0.9795081967213115,0.8006700167504187,0.8991723100075244,353,0.23223684210526316,239,114,5,1162
0.17,0.6789772727272727,0.9795081967213115,0.802013422818792,0.8998493975903614,352,0.23157894736842105,239,113,5,1163
0.175,0.6828571428571428,0.9795081967213115,0.8047138047138047,0.9012066365007542,350,0.23026315789473684,239,111,5,1165
0.18,0.6867816091954023,0.9795081967213115,0.8074324324324325,0.9025679758308157,348,0.22894736842105262,239,109,5,1167
0.185,0.6898550724637681,0.9754098360655737,0.8081494057724957,0.9008327024981075,345,0.22697368421052633,238,107,6,1169
0.19,0.7,0.9754098360655737,0.815068493150685,0.9042553191489362,340,0.2236842105263158,238,102,6,1174
0.195,0.7062314540059347,0.9754098360655737,0.8192771084337349,0.9063214013709063,337,0.22171052631578947,238,99,6,1177
0.2,0.7147147147147147,0.9754098360655737,0.8249566724436742,0.9090909090909091,333,0.21907894736842104,238,95,6,1181
0.205,0.716012084592145,0.9713114754098361,0.8243478260869566,0.9066564651874521,331,0.21776315789473685,237,94,7,1182
0.21,0.7195121951219512,0.9672131147540983,0.8251748251748252,0.9049079754601227,328,0.21578947368421053,236,92,8,1184
0.215,0.7239263803680982,0.9672131147540983,0.8280701754385965,0.9062980030721967,326,0.21447368421052632,236,90,8,1186
0.22,0.7306501547987616,0.9672131147540983,0.8324514991181657,0.9083910700538876,323,0.2125,236,87,8,1189
0.225,0.7306501547987616,0.9672131147540983,0.8324514991181657,0.9083910700538876,323,0.2125,236,87,8,1189
0.23,0.7375,0.9672131147540983,0.8368794326241135,0.9104938271604939,320,0.21052631578947367,236,84,8,1192
0.235,0.7398119122257053,0.9672131147540983,0.8383658969804618,0.9111969111969112,319,0.20986842105263157,236,83,8,1193
0.24,0.7468354430379747,0.9672131147540983,0.8428571428571429,0.913312693498452,316,0.20789473684210527,236,80,8,1196
0.245,0.7492063492063492,0.9672131147540983,0.8443649373881932,0.9140201394268009,315,0.20723684210526316,236,79,8,1197
0.25,0.7507987220447284,0.9631147540983607,0.8438061041292639,0.9115593483320403,313,0.20592105263157895,235,78,9,1198
0.255,0.7532051282051282,0.9631147540983607,0.8453237410071942,0.9122670807453416,312,0.20526315789473684,235,77,9,1199
0.26,0.752411575562701,0.9590163934426229,0.8432432432432433,0.9090909090909091,311,0.20460526315789473,234,77,10,1199
0.265,0.7572815533980582,0.9590163934426229,0.8462929475587704,0.9105058365758755,309,0.20328947368421052,234,75,10,1201
0.27,0.7597402597402597,0.9590163934426229,0.8478260869565217,0.9112149532710281,308,0.2026315789473684,234,74,10,1202
0.275,0.7597402597402597,0.9590163934426229,0.8478260869565217,0.9112149532710281,308,0.2026315789473684,234,74,10,1202
0.28,0.758957654723127,0.9549180327868853,0.8457350272232305,0.9080280592361653,307,0.2019736842105263,233,74,11,1202
0.285,0.761437908496732,0.9549180327868853,0.8472727272727273,0.9087363494539782,306,0.2013157894736842,233,73,11,1203
0.29,0.7664473684210527,0.9549180327868853,0.8503649635036497,0.91015625,304,0.2,233,71,11,1205
0.295,0.7715231788079471,0.9549180327868853,0.8534798534798534,0.9115805946791862,302,0.1986842105263158,233,69,11,1207
0.3,0.770764119601329,0.9508196721311475,0.8513761467889909,0.9083790133124511,301,0.1980263157894737,232,69,12,1207
0.305,0.7811447811447811,0.9508196721311475,0.8576709796672828,0.9112333071484682,297,0.19539473684210526,232,65,12,1211
0.31,0.7864406779661017,0.9508196721311475,0.8608534322820037,0.912667191188041,295,0.19407894736842105,232,63,12,1213
0.315,0.7864406779661017,0.9508196721311475,0.8608534322820037,0.912667191188041,295,0.19407894736842105,232,63,12,1213
0.32,0.7891156462585034,0.9508196721311475,0.862453531598513,0.9133858267716536,294,0.19342105263157894,232,62,12,1214
0.325,0.7891156462585034,0.9508196721311475,0.862453531598513,0.9133858267716536,294,0.19342105263157894,232,62,12,1214
0.33,0.7891156462585034,0.9508196721311475,0.862453531598513,0.9133858267716536,294,0.19342105263157894,232,62,12,1214
0.335,0.7938144329896907,0.9467213114754098,0.8635514018691589,0.9116022099447514,291,0.19144736842105264,231,60,13,1216
0.34,0.7993079584775087,0.9467213114754098,0.8667917448405253,0.9130434782608695,289,0.19013157894736843,231,58,13,1218
0.345,0.7993079584775087,0.9467213114754098,0.8667917448405253,0.9130434782608695,289,0.19013157894736843,231,58,13,1218
0.35,0.7993079584775087,0.9467213114754098,0.8667917448405253,0.9130434782608695,289,0.19013157894736843,231,58,13,1218
0.355,0.7993079584775087,0.9467213114754098,0.8667917448405253,0.9130434782608695,289,0.19013157894736843,231,58,13,1218
0.36,0.7993079584775087,0.9467213114754098,0.8667917448405253,0.9130434782608695,289,0.19013157894736843,231,58,13,1218
0.365,0.8020833333333334,0.9467213114754098,0.868421052631579,0.9137658227848101,288,0.18947368421052632,231,57,13,1219
0.37,0.8076923076923077,0.9467213114754098,0.8716981132075472,0.9152139461172741,286,0.1881578947368421,231,55,13,1221
0.375,0.8076923076923077,0.9467213114754098,0.8716981132075472,0.9152139461172741,286,0.1881578947368421,231,55,13,1221
0.38,0.8076923076923077,0.9467213114754098,0.8716981132075472,0.9152139461172741,286,0.1881578947368421,231,55,13,1221
0.385,0.8105263157894737,0.9467213114754098,0.8733459357277883,0.91593973037272,285,0.1875,231,54,13,1222
0.39,0.8133802816901409,0.9467213114754098,0.875,0.9166666666666666,284,0.1868421052631579,231,53,13,1223
0.395,0.8133802816901409,0.9467213114754098,0.875,0.9166666666666666,284,0.1868421052631579,231,53,13,1223
0.4,0.8133802816901409,0.9467213114754098,0.875,0.9166666666666666,284,0.1868421052631579,231,53,13,1223
0.405,0.8133802816901409,0.9467213114754098,0.875,0.9166666666666666,284,0.1868421052631579,231,53,13,1223
0.41,0.8127208480565371,0.9426229508196722,0.872865275142315,0.9134233518665608,283,0.18618421052631579,230,53,14,1223
0.415,0.8156028368794326,0.9426229508196722,0.8745247148288974,0.9141494435612083,282,0.18552631578947368,230,52,14,1224
0.42,0.8156028368794326,0.9426229508196722,0.8745247148288974,0.9141494435612083,282,0.18552631578947368,230,52,14,1224
0.425,0.8156028368794326,0.9426229508196722,0.8745247148288974,0.9141494435612083,282,0.18552631578947368,230,52,14,1224
0.43,0.8185053380782918,0.9426229508196722,0.8761904761904762,0.9148766905330151,281,0.18486842105263157,230,51,14,1225
0.435,0.8214285714285714,0.9426229508196722,0.8778625954198473,0.9156050955414012,280,0.18421052631578946,230,50,14,1226
0.44,0.8214285714285714,0.9426229508196722,0.8778625954198473,0.9156050955414012,280,0.18421052631578946,230,50,14,1226
0.445,0.8214285714285714,0.9426229508196722,0.8778625954198473,0.9156050955414012,280,0.18421052631578946,230,50,14,1226
0.45,0.8273381294964028,0.9426229508196722,0.8812260536398467,0.9170653907496013,278,0.18289473684210528,230,48,14,1228
0.455,0.8267148014440433,0.9385245901639344,0.8790786948176583,0.9138068635275339,277,0.18223684210526317,229,48,15,1228
0.46,0.8297101449275363,0.9385245901639344,0.8807692307692307,0.9145367412140575,276,0.18157894736842106,229,47,15,1229
0.465,0.8382352941176471,0.9344262295081968,0.8837209302325582,0.9134615384615384,272,0.17894736842105263,228,44,16,1232
0.47,0.8382352941176471,0.9344262295081968,0.8837209302325582,0.9134615384615384,272,0.17894736842105263,228,44,16,1232
0.475,0.8413284132841329,0.9344262295081968,0.8854368932038835,0.9141940657578188,271,0.17828947368421053,228,43,16,1233
0.48,0.8413284132841329,0.9344262295081968,0.8854368932038835,0.9141940657578188,271,0.17828947368421053,228,43,16,1233
0.485,0.8413284132841329,0.9344262295081968,0.8854368932038835,0.9141940657578188,271,0.17828947368421053,228,43,16,1233
0.49,0.8475836431226765,0.9344262295081968,0.8888888888888888,0.9156626506024096,269,0.1769736842105263,228,41,16,1235
0.495,0.8470149253731343,0.930327868852459,0.88671875,0.912379421221865,268,0.1763157894736842,227,41,17,1235
0.5,0.849624060150376,0.9262295081967213,0.8862745098039215,0.9098228663446055,266,0.175,226,40,18,1236
0.505,0.8528301886792453,0.9262295081967213,0.888015717092338,0.9105560032232071,265,0.17434210526315788,226,39,18,1237
0.51,0.8528301886792453,0.9262295081967213,0.888015717092338,0.9105560032232071,265,0.17434210526315788,226,39,18,1237
0.515,0.8560606060606061,0.9262295081967213,0.889763779527559,0.9112903225806451,264,0.1736842105263158,226,38,18,1238
0.52,0.8560606060606061,0.9262295081967213,0.889763779527559,0.9112903225806451,264,0.1736842105263158,226,38,18,1238
0.525,0.8593155893536122,0.9262295081967213,0.8915187376725838,0.9120258272800645,263,0.1730263157894737,226,37,18,1239
0.53,0.8593155893536122,0.9262295081967213,0.8915187376725838,0.9120258272800645,263,0.1730263157894737,226,37,18,1239
0.535,0.8593155893536122,0.9262295081967213,0.8915187376725838,0.9120258272800645,263,0.1730263157894737,226,37,18,1239
0.54,0.8593155893536122,0.9262295081967213,0.8915187376725838,0.9120258272800645,263,0.1730263157894737,226,37,18,1239
0.545,0.8593155893536122,0.9262295081967213,0.8915187376725838,0.9120258272800645,263,0.1730263157894737,226,37,18,1239
0.55,0.8593155893536122,0.9262295081967213,0.8915187376725838,0.9120258272800645,263,0.1730263157894737,226,37,18,1239
0.555,0.8625954198473282,0.9262295081967213,0.8932806324110671,0.9127625201938611,262,0.1723684210526316,226,36,18,1240
0.56,0.8620689655172413,0.9221311475409836,0.8910891089108911,0.9094583670169766,261,0.17171052631578948,225,36,19,1240
0.565,0.8648648648648649,0.9180327868852459,0.8906560636182903,0.9068825910931174,259,0.17039473684210527,224,35,20,1241
0.57,0.8671875,0.9098360655737705,0.888,0.900974025974026,256,0.16842105263157894,222,34,22,1242
0.575,0.8705882352941177,0.9098360655737705,0.8897795591182365,0.9017059301380991,255,0.16776315789473684,222,33,22,1243
0.58,0.8740157480314961,0.9098360655737705,0.891566265060241,0.9024390243902439,254,0.16710526315789473,222,32,22,1244
0.585,0.8740157480314961,0.9098360655737705,0.891566265060241,0.9024390243902439,254,0.16710526315789473,222,32,22,1244
0.59,0.8774703557312253,0.9098360655737705,0.8933601609657947,0.903173311635476,253,0.16644736842105262,222,31,22,1245
0.595,0.8844621513944223,0.9098360655737705,0.896969696969697,0.9046454767726161,251,0.16513157894736843,222,29,22,1247
0.6,0.891566265060241,0.9098360655737705,0.9006085192697769,0.9061224489795918,249,0.16381578947368422,222,27,22,1249
0.605,0.8911290322580645,0.9057377049180327,0.8983739837398373,0.9027777777777778,248,0.1631578947368421,221,27,23,1249
0.61,0.8947368421052632,0.9057377049180327,0.90020366598778,0.9035159443990188,247,0.1625,221,26,23,1250
0.615,0.8947368421052632,0.9057377049180327,0.90020366598778,0.9035159443990188,247,0.1625,221,26,23,1250
0.62,0.8947368421052632,0.9057377049180327,0.90020366598778,0.9035159443990188,247,0.1625,221,26,23,1250
0.625,0.8947368421052632,0.9057377049180327,0.90020366598778,0.9035159443990188,247,0.1625,221,26,23,1250
0.63,0.8979591836734694,0.9016393442622951,0.8997955010224948,0.9009009009009009,245,0.1611842105263158,220,25,24,1251
0.635,0.8975409836065574,0.8975409836065574,0.8975409836065574,0.8975409836065574,244,0.16052631578947368,219,25,25,1251
0.64,0.8975409836065574,0.8975409836065574,0.8975409836065574,0.8975409836065574,244,0.16052631578947368,219,25,25,1251
0.645,0.8975409836065574,0.8975409836065574,0.8975409836065574,0.8975409836065574,244,0.16052631578947368,219,25,25,1251
0.65,0.8975409836065574,0.8975409836065574,0.8975409836065574,0.8975409836065574,244,0.16052631578947368,219,25,25,1251
0.655,0.897119341563786,0.8934426229508197,0.8952772073921971,0.8941755537325676,243,0.15986842105263158,218,25,26,1251
0.66,0.897119341563786,0.8934426229508197,0.8952772073921971,0.8941755537325676,243,0.15986842105263158,218,25,26,1251
0.665,0.9,0.8852459016393442,0.8925619834710744,0.8881578947368421,240,0.15789473684210525,216,24,28,1252
0.67,0.9037656903765691,0.8852459016393442,0.8944099378881988,0.8888888888888888,239,0.15723684210526315,216,23,28,1253
0.675,0.9033613445378151,0.8811475409836066,0.8921161825726142,0.8855024711696869,238,0.15657894736842104,215,23,29,1253
0.68,0.9067796610169492,0.8770491803278688,0.8916666666666667,0.8828382838283828,236,0.15526315789473685,214,22,30,1254
0.685,0.905982905982906,0.8688524590163934,0.8870292887029289,0.8760330578512396,234,0.15394736842105264,212,22,32,1254
0.69,0.9051724137931034,0.860655737704918,0.8823529411764706,0.8692052980132451,232,0.15263157894736842,210,22,34,1254
0.695,0.9090909090909091,0.860655737704918,0.8842105263157894,0.8699254349627175,231,0.15197368421052632,210,21,34,1255
0.7,0.9130434782608695,0.860655737704918,0.8860759493670886,0.8706467661691543,230,0.1513157894736842,210,20,34,1256
0.705,0.9130434782608695,0.860655737704918,0.8860759493670886,0.8706467661691543,230,0.1513157894736842,210,20,34,1256
0.71,0.9130434782608695,0.860655737704918,0.8860759493670886,0.8706467661691543,230,0.1513157894736842,210,20,34,1256
0.715,0.9130434782608695,0.860655737704918,0.8860759493670886,0.8706467661691543,230,0.1513157894736842,210,20,34,1256
0.72,0.9130434782608695,0.860655737704918,0.8860759493670886,0.8706467661691543,230,0.1513157894736842,210,20,34,1256
0.725,0.9130434782608695,0.860655737704918,0.8860759493670886,0.8706467661691543,230,0.1513157894736842,210,20,34,1256
0.73,0.9130434782608695,0.860655737704918,0.8860759493670886,0.8706467661691543,230,0.1513157894736842,210,20,34,1256
0.735,0.9126637554585153,0.8565573770491803,0.8837209302325582,0.8672199170124482,229,0.1506578947368421,209,20,35,1256
0.74,0.9126637554585153,0.8565573770491803,0.8837209302325582,0.8672199170124482,229,0.1506578947368421,209,20,35,1256
0.745,0.9126637554585153,0.8565573770491803,0.8837209302325582,0.8672199170124482,229,0.1506578947368421,209,20,35,1256
0.75,0.9126637554585153,0.8565573770491803,0.8837209302325582,0.8672199170124482,229,0.1506578947368421,209,20,35,1256
0.755,0.9166666666666666,0.8565573770491803,0.885593220338983,0.8679401993355482,228,0.15,209,19,35,1257
0.76,0.9247787610619469,0.8565573770491803,0.8893617021276595,0.8693843594009983,226,0.14868421052631578,209,17,35,1259
0.765,0.9247787610619469,0.8565573770491803,0.8893617021276595,0.8693843594009983,226,0.14868421052631578,209,17,35,1259
0.77,0.9247787610619469,0.8565573770491803,0.8893617021276595,0.8693843594009983,226,0.14868421052631578,209,17,35,1259
0.775,0.9247787610619469,0.8565573770491803,0.8893617021276595,0.8693843594009983,226,0.14868421052631578,209,17,35,1259
0.78,0.9288888888888889,0.8565573770491803,0.8912579957356077,0.8701082431307244,225,0.14802631578947367,209,16,35,1260
0.785,0.9288888888888889,0.8565573770491803,0.8912579957356077,0.8701082431307244,225,0.14802631578947367,209,16,35,1260
0.79,0.9369369369369369,0.8524590163934426,0.8927038626609443,0.8681135225375626,222,0.14605263157894738,208,14,36,1262
0.795,0.9369369369369369,0.8524590163934426,0.8927038626609443,0.8681135225375626,222,0.14605263157894738,208,14,36,1262
0.8,0.9369369369369369,0.8524590163934426,0.8927038626609443,0.8681135225375626,222,0.14605263157894738,208,14,36,1262
0.805,0.9411764705882353,0.8524590163934426,0.8946236559139785,0.8688387635756056,221,0.14539473684210527,208,13,36,1263
0.81,0.9411764705882353,0.8524590163934426,0.8946236559139785,0.8688387635756056,221,0.14539473684210527,208,13,36,1263
0.815,0.944954128440367,0.8442622950819673,0.8917748917748918,0.8626465661641541,218,0.14342105263157895,206,12,38,1264
0.82,0.9447004608294931,0.8401639344262295,0.8893709327548807,0.8591785414920369,217,0.14276315789473684,205,12,39,1264
0.825,0.9488372093023256,0.8360655737704918,0.8888888888888888,0.8564231738035264,215,0.14144736842105263,204,11,40,1265
0.83,0.9481132075471698,0.8237704918032787,0.881578947368421,0.8459595959595959,212,0.1394736842105263,201,11,43,1265
0.835,0.9478672985781991,0.819672131147541,0.8791208791208791,0.8424599831508003,211,0.1388157894736842,200,11,44,1265
0.84,0.9476190476190476,0.8155737704918032,0.8766519823788547,0.8389544688026982,210,0.13815789473684212,199,11,45,1265
0.845,0.9519230769230769,0.8114754098360656,0.8761061946902655,0.8361486486486487,208,0.1368421052631579,198,10,46,1266
0.85,0.9563106796116505,0.8073770491803278,0.8755555555555555,0.8333333333333334,206,0.1355263157894737,197,9,47,1267
0.855,0.9563106796116505,0.8073770491803278,0.8755555555555555,0.8333333333333334,206,0.1355263157894737,197,9,47,1267
0.86,0.9563106796116505,0.8073770491803278,0.8755555555555555,0.8333333333333334,206,0.1355263157894737,197,9,47,1267
0.865,0.9560975609756097,0.8032786885245902,0.8730512249443207,0.8298052497883149,205,0.13486842105263158,196,9,48,1267
0.87,0.9558823529411765,0.7991803278688525,0.8705357142857143,0.826271186440678,204,0.13421052631578947,195,9,49,1267
0.875,0.9554455445544554,0.7909836065573771,0.8654708520179372,0.8191850594227504,202,0.13289473684210526,193,9,51,1267
0.88,0.9597989949748744,0.7827868852459017,0.8623024830699775,0.8127659574468085,199,0.13092105263157894,191,8,53,1268
0.885,0.9642857142857143,0.7745901639344263,0.8590909090909091,0.8063139931740614,196,0.12894736842105264,189,7,55,1269
0.89,0.9641025641025641,0.7704918032786885,0.856492027334852,0.802732707087959,195,0.12828947368421054,188,7,56,1269
0.895,0.9689119170984456,0.7663934426229508,0.8558352402745996,0.7998289136013687,193,0.12697368421052632,187,6,57,1270
0.9,0.9689119170984456,0.7663934426229508,0.8558352402745996,0.7998289136013687,193,0.12697368421052632,187,6,57,1270
0.905,0.96875,0.7622950819672131,0.8532110091743119,0.7962328767123288,192,0.12631578947368421,186,6,58,1270
0.91,0.9682539682539683,0.75,0.8452655889145496,0.7854077253218884,189,0.12434210526315789,183,6,61,1270
0.915,0.967741935483871,0.7377049180327869,0.8372093023255814,0.774526678141136,186,0.12236842105263158,180,6,64,1270
0.92,0.9675675675675676,0.7336065573770492,0.8344988344988346,0.7708871662360034,185,0.12171052631578948,179,6,65,1270
0.925,0.9668508287292817,0.7172131147540983,0.8235294117647058,0.756266205704408,181,0.11907894736842105,175,6,69,1270
0.93,0.9666666666666667,0.7131147540983607,0.8207547169811321,0.7525951557093425,180,0.11842105263157894,174,6,70,1270
0.935,0.9659090909090909,0.6967213114754098,0.8095238095238095,0.7378472222222222,176,0.11578947368421053,170,6,74,1270
0.94,0.9653179190751445,0.6844262295081968,0.8009592326139089,0.7267188859878155,173,0.11381578947368422,167,6,77,1270
0.945,0.9649122807017544,0.6762295081967213,0.7951807228915663,0.7192676547515258,171,0.1125,165,6,79,1270
0.95,0.9644970414201184,0.6680327868852459,0.7893462469733656,0.7117903930131004,169,0.11118421052631579,163,6,81,1270
